{
  "Total" : {
    "transaction" : "Total",
    "sampleCount" : 3000,
    "errorCount" : 1459,
    "errorPct" : 48.633335,
    "meanResTime" : 27512.108333333388,
    "medianResTime" : 22309.0,
    "minResTime" : 1797.0,
    "maxResTime" : 74580.0,
    "pct1ResTime" : 58037.8,
    "pct2ResTime" : 59624.149999999994,
    "pct3ResTime" : 63091.06999999998,
    "throughput" : 8.575888033205837,
    "receivedKBytesPerSec" : 15.811854977088087,
    "sentKBytesPerSec" : 0.5162282601238358
  },
  "myABFlex Load Test" : {
    "transaction" : "myABFlex Load Test",
    "sampleCount" : 3000,
    "errorCount" : 1459,
    "errorPct" : 48.633335,
    "meanResTime" : 27512.108333333388,
    "medianResTime" : 22309.0,
    "minResTime" : 1797.0,
    "maxResTime" : 74580.0,
    "pct1ResTime" : 58037.8,
    "pct2ResTime" : 59624.149999999994,
    "pct3ResTime" : 63091.06999999998,
    "throughput" : 8.575888033205837,
    "receivedKBytesPerSec" : 15.811854977088087,
    "sentKBytesPerSec" : 0.5162282601238358
  }
}